{
	"info": {
		"_postman_id": "3d45a024-1c6d-4050-98e0-35204183cba7",
		"name": "Explorers API",
		"schema": "https://schema.getpostman.com/json/collection/v2.1.0/collection.json"
	},
	"item": [
		{
			"name": "GET all",
			"request": {
				"method": "GET",
				"header": [],
				"url": {
					"raw": "localhost:3000/explorers",
					"host": [
						"localhost"
					],
					"port": "3000",
					"path": [
						"explorers"
					]
				}
			},
			"response": []
		},
		{
			"name": "GET by id",
			"request": {
				"method": "GET",
				"header": [],
				"url": {
					"raw": "localhost:3000/explorers/5",
					"host": [
						"localhost"
					],
					"port": "3000",
					"path": [
						"explorers",
						"5"
					]
				}
			},
			"response": []
		},
		{
			"name": "POST Create explorer",
			"request": {
				"method": "POST",
				"header": [],
				"body": {
					"mode": "raw",
					"raw": "{\n    \"name\":\"Explorer10\", \n    \"username\":\"explorer10\", \n    \"mission\": \"Node\"\n    }",
					"options": {
						"raw": {
							"language": "json"
						}
					}
				},
				"url": {
					"raw": "localhost:3000/explorers",
					"host": [
						"localhost"
					],
					"port": "3000",
					"path": [
						"explorers"
					]
				}
			},
			"response": []
		},
		{
			"name": "PUT Update explorer mission ",
			"request": {
				"method": "PUT",
				"header": [],
				"body": {
					"mode": "raw",
					"raw": "{\"mission\":\"Node\"}",
					"options": {
						"raw": {
							"language": "json"
						}
					}
				},
				"url": {
					"raw": "localhost:3000/explorers/5",
					"host": [
						"localhost"
					],
					"port": "3000",
					"path": [
						"explorers",
						"5"
					]
				}
			},
			"response": []
		},
		{
			"name": "DELETE Remove explorer",
			"request": {
				"method": "DELETE",
				"header": [],
				"url": {
					"raw": "localhost:3000/explorers/5",
					"host": [
						"localhost"
					],
					"port": "3000",
					"path": [
						"explorers",
						"5"
					]
				}
			},
			"response": []
		}
	]
}